year,month,mslp_tahiti,mslp_darwin
1866,01,10106,10072
1866,02,10109,10063
1866,03,10115,10083
1866,04,10114,10097
1866,05,10125,10107
1866,06,10136,10131
1866,07,10135,10131
1866,08,10155,10130
1866,09,10139,10118
1866,10,10138,10106
1866,11,10134,10087
1866,12,10112,10078
1867,01,10123,10074
1867,02,10112,10064
1867,03,10128,10087
1867,04,10128,10097
1867,05,10130,10107
1867,06,10133,10124
1867,07,10144,10128
1867,08,10148,10124
1867,09,10139,10113
1867,10,10121,10096
1867,11,10124,10105
1867,12,10100,10079
1868,01,10102,10060
1868,02,10110,10069
1868,03,10100,10084
1868,04,10127,10102
1868,05,10122,10124
1868,06,10128,10137
1868,07,10137,10134
1868,08,10133,10135
1868,09,10128,10125
1868,10,10125,10113
1868,11,10112,10105
1868,12,10123,10077
1869,01,10085,10077
1869,02,10116,10074
1869,03,10130,10097
1869,04,10117,10068
1869,05,10130,10093
1869,06,10140,10110
1869,07,10156,10125
1869,08,10145,10113
1869,09,10141,10115
1869,10,10137,10091
1869,11,10119,10078
1869,12,10105,10061
1870,01,10104,10039
1870,02,10105,10052
1870,03,10119,10089
1870,04,10127,10100
1870,05,10131,10118
1870,06,10135,10133
1870,07,10139,10127
1870,08,10149,10116
1870,09,10141,10117
1870,10,10132,10110
1870,11,10112,10094
1870,12,10103,10089
1871,01,10092,10069
1871,02,10116,10071
1871,03,10104,10095
1871,04,10115,10096
1871,05,10123,10112
1871,06,10140,10124
1871,07,10144,10130
1871,08,10152,10127
1871,09,10150,10116
1871,10,10131,10101
1871,11,10114,10082
1871,12,10126,10072
1872,01,10130,10032
1872,02,10122,10050
1872,03,10126,10056
1872,04,10131,10117
1872,05,10135,10101
1872,06,10140,10100
1872,07,10154,10109
1872,08,10148,10115
1872,09,10177,10099
1872,10,10151,10090
1872,11,10150,10072
1872,12,10132,10046
1873,01,10131,10037
1873,02,10143,10073
1873,03,10155,10085
1873,04,10145,10101
1873,05,10154,10131
1873,06,10146,10167
1873,07,10144,10153
1873,08,10147,10136
1873,09,10138,10150
1873,10,10115,10110
1873,11,10115,10089
1873,12,10110,10050
1874,01,10123,10059
1874,02,10123,10082
1874,03,10128,10094
1874,04,10127,10094
1874,05,10135,10102
1874,06,10128,10134
1874,07,10139,10132
1874,08,10160,10129
1874,09,10167,10108
1874,10,10152,10086
1874,11,10126,10087
1874,12,10108,10049
1875,01,10119,10060
1875,02,10110,10064
1875,03,10122,10096
1875,04,10131,10094
1875,05,10132,10106
1875,06,10150,10110
1875,07,10130,10128
1875,08,10145,10129
1875,09,10143,10105
1875,10,10126,10076
1875,11,10099,10090
1875,12,10095,10068
1876,01,10116,10048
1876,02,10122,10053
1876,03,10104,10064
1876,04,10117,10082
1876,05,10134,10109
1876,06,10154,10121
1876,07,10144,10143
1876,08,10164,10128
1876,09,10157,10116
1876,10,10126,10110
1876,11,10111,10086
1876,12,10117,10088
1877,01,10096,10068
1877,02,10095,10077
1877,03,10098,10074
1877,04,10093,10109
1877,05,10109,10111
1877,06,10118,10149
1877,07,10142,10148
1877,08,10143,10139
1877,09,10133,10138
1877,10,10129,10126
1877,11,10113,10103
1877,12,10097,10087
1878,01,10094,10068
1878,02,10094,10093
1878,03,10094,10083
1878,04,10110,10097
1878,05,10125,10106
1878,06,10132,10124
1878,07,10151,10117
1878,08,10168,10131
1878,09,10155,10102
1878,10,10139,10092
1878,11,10134,10082
1878,12,10121,10051
1879,01,10122,10051
1879,02,10129,10053
1879,03,10134,10070
1879,04,10132,10093
1879,05,10125,10106
1879,06,10151,10119
1879,07,10160,10117
1879,08,10168,10116
1879,09,10166,10111
1879,10,10153,10099
1879,11,10121,10077
1879,12,10092,10068
1880,01,10110,10043
1880,02,10130,10068
1880,03,10133,10067
1880,04,10130,10100
1880,05,10135,10103
1880,06,10147,10124
1880,07,10153,10141
1880,08,10169,10130
1880,09,10162,10125
1880,10,10153,10116
1880,11,10138,10098
1880,12,10113,10082
1881,01,10098,10069
1881,02,10107,10073
1881,03,10135,10092
1881,04,10137,10113
1881,05,10120,10109
1881,06,10131,10125
1881,07,10144,10143
1881,08,10140,10141
1881,09,10132,10131
1881,10,10117,10127
1881,11,10118,10078
1881,12,10114,10065
1882,01,10094,10064
1882,02,10107,10064
1882,03,10123,10074
1882,04,10110,10085
1882,05,10120,10095
1882,06,10119,10122
1882,07,10109,10132
1882,08,10109,10132
1882,09,10117,10118
1882,10,10126,10094
1882,11,10128,10095
1882,12,10112,10057
1883,01,10131,10074
1883,02,10095,10066
1883,03,10084,10091
1883,04,10126,10085
1883,05,10139,10105
1883,06,10141,10125
1883,07,10123,10129
1883,08,10137,10118
1883,09,10128,10118
1883,10,10138,10101
1883,11,10108,10071
1883,12,10073,10068
1884,01,10092,10074
1884,02,10109,10074
1884,03,10131,10074
1884,04,10117,10112
1884,05,10130,10112
1884,06,10148,10125
1884,07,10137,10132
1884,08,10134,10125
1884,09,10134,10122
1884,10,10144,10108
1884,11,10118,10091
1884,12,10084,10074
1885,01,10084,10074
1885,02,10113,10064
1885,03,10134,10085
1885,04,10128,10105
1885,05,10140,10129
1885,06,10129,10135
1885,07,10144,10142
1885,08,10134,10132
1885,09,10149,10132
1885,10,10125,10125
1885,11,10117,10112
1885,12,10116,10071
1886,01,10121,10078
1886,02,10106,10057
1886,03,10130,10085
1886,04,10120,10091
1886,05,10129,10105
1886,06,10140,10122
1886,07,10139,10118
1886,08,10150,10112
1886,09,10154,10108
1886,10,10149,10098
1886,11,10126,10081
1886,12,10107,10044
1887,01,10127,10057
1887,02,10116,10047
1887,03,10129,10071
1887,04,10120,10085
1887,05,10119,10108
1887,06,10143,10125
1887,07,10152,10135
1887,08,10149,10125
1887,09,10154,10122
1887,10,10149,10112
1887,11,10116,10095
1887,12,10126,10081
1888,01,10092,10054
1888,02,10112,10071
1888,03,10116,10098
1888,04,10100,10105
1888,05,10116,10112
1888,06,10124,10132
1888,07,10123,10139
1888,08,10138,10135
1888,09,10133,10125
1888,10,10127,10122
1888,11,10108,10098
1888,12,10118,10088
1889,01,10081,10091
1889,02,10127,10085
1889,03,10090,10101
1889,04,10124,10101
1889,05,10126,10112
1889,06,10151,10112
1889,07,10141,10129
1889,08,10149,10129
1889,09,10150,10108
1889,10,10137,10101
1889,11,10121,10057
1889,12,10122,10044
1890,01,10128,10040
1890,02,10133,10064
1890,03,10134,10068
1890,04,10120,10088
1890,05,10129,10108
1890,06,10134,10115
1890,07,10131,10125
1890,08,10134,10122
1890,09,10144,10105
1890,10,10133,10098
1890,11,10124,10091
1890,12,10110,10074
1891,01,10131,10054
1891,02,10106,10068
1891,03,10113,10091
1891,04,10130,10101
1891,05,10138,10122
1891,06,10142,10132
1891,07,10142,10142
1891,08,10152,10149
1891,09,10145,10139
1891,10,10145,10115
1891,11,10123,10101
1891,12,10114,10088
1892,01,10114,10064
1892,02,10105,10081
1892,03,10121,10061
1892,04,10130,10098
1892,05,10147,10118
1892,06,10154,10118
1892,07,10153,10132
1892,08,10148,10122
1892,09,10136,10112
1892,10,10137,10091
1892,11,10101,10081
1892,12,10113,10071
1893,01,10121,10057
1893,02,10119,10057
1893,03,10136,10088
1893,04,10129,10091
1893,05,10147,10112
1893,06,10153,10118
1893,07,10160,10122
1893,08,10161,10132
1893,09,10160,10115
1893,10,10137,10095
1893,11,10131,10088
1893,12,10106,10078
1894,01,10121,10034
1894,02,10129,10061
1894,03,10130,10074
1894,04,10129,10095
1894,05,10123,10118
1894,06,10142,10129
1894,07,10155,10139
1894,08,10122,10125
1894,09,10142,10122
1894,10,10143,10108
1894,11,10109,10091
1894,12,10116,10078
1895,01,10110,10054
1895,02,10131,10071
1895,03,10123,10085
1895,04,10136,10101
1895,05,10142,10122
1895,06,10130,10129
1895,07,10127,10129
1895,08,10128,10125
1895,09,10133,10118
1895,10,10127,10108
1895,11,10129,10108
1895,12,10097,10078
1896,01,10108,10061
1896,02,10117,10061
1896,03,10106,10078
1896,04,10104,10091
1896,05,10112,10139
1896,06,10116,10132
1896,07,10123,10135
1896,08,10131,10149
1896,09,10127,10135
1896,10,10127,10129
1896,11,10112,10101
1896,12,10102,10095
1897,01,10096,10078
1897,02,10104,10074
1897,03,10107,10098
1897,04,10110,10108
1897,05,10120,10125
1897,06,10137,10125
1897,07,10145,10139
1897,08,10150,10132
1897,09,10142,10118
1897,10,10140,10108
1897,11,10108,10091
1897,12,10112,10057
1898,01,10120,10061
1898,02,10110,10051
1898,03,10115,10040
1898,04,10128,10091
1898,05,10129,10115
1898,06,10131,10122
1898,07,10151,10132
1898,08,10155,10125
1898,09,10147,10108
1898,10,10133,10095
1898,11,10103,10068
1898,12,10105,10061
1899,01,10126,10054
1899,02,10136,10071
1899,03,10126,10061
1899,04,10120,10091
1899,05,10122,10115
1899,06,10131,10132
1899,07,10136,10135
1899,08,10130,10129
1899,09,10146,10125
1899,10,10158,10119
1899,11,10151,10098
1899,12,10110,10081
1900,01,10107,10078
1900,02,10113,10081
1900,03,10091,10098
1900,04,10109,10108
1900,05,10122,10115
1900,06,10163,10119
1900,07,10147,10122
1900,08,10141,10112
1900,09,10111,10115
1900,10,10106,10105
1900,11,10111,10091
1900,12,10109,10085
1901,01,10108,10064
1901,02,10120,10068
1901,03,10132,10075
1901,04,10127,10098
1901,05,10131,10115
1901,06,10158,10122
1901,07,10164,10132
1901,08,10164,10132
1901,09,10126,10129
1901,10,10098,10105
1901,11,10114,10098
1901,12,10106,10075
1902,01,10138,10058
1902,02,10122,10081
1902,03,10142,10081
1902,04,10135,10102
1902,05,10155,10129
1902,06,10147,10132
1902,07,10151,10139
1902,08,10138,10135
1902,09,10129,10135
1902,10,10139,10122
1902,11,10132,10108
1902,12,10114,10085
1903,01,10106,10081
1903,02,10109,10085
1903,03,10130,10058
1903,04,10136,10091
1903,05,10138,10112
1903,06,10140,10129
1903,07,10134,10115
1903,08,10146,10129
1903,09,10150,10112
1903,10,10138,10102
1903,11,10116,10085
1903,12,10120,10054
1904,01,10132,10058
1904,02,10134,10054
1904,03,10128,10071
1904,04,10137,10075
1904,05,10136,10108
1904,06,10135,10132
1904,07,10128,10132
1904,08,10150,10132
1904,09,10146,10122
1904,10,10129,10098
1904,11,10105,10102
1904,12,10118,10078
1905,01,10103,10078
1905,02,10088,10078
1905,03,10092,10108
1905,04,10100,10108
1905,05,10110,10112
1905,06,10120,10129
1905,07,10116,10139
1905,08,10140,10135
1905,09,10131,10119
1905,10,10122,10102
1905,11,10110,10108
1905,12,10094,10085
1906,01,10101,10064
1906,02,10101,10071
1906,03,10118,10085
1906,04,10113,10098
1906,05,10117,10112
1906,06,10129,10122
1906,07,10139,10119
1906,08,10166,10125
1906,09,10159,10105
1906,10,10142,10098
1906,11,10133,10071
1906,12,10110,10068
1907,01,10107,10051
1907,02,10105,10061
1907,03,10118,10081
1907,04,10113,10098
1907,05,10124,10115
1907,06,10134,10115
1907,07,10134,10125
1907,08,10132,10129
1907,09,10145,10122
1907,10,10130,10105
1907,11,10111,10088
1907,12,10106,10058
1908,01,10105,10078
1908,02,10120,10054
1908,03,10106,10071
1908,04,10117,10081
1908,05,10130,10112
1908,06,10136,10129
1908,07,10160,10129
1908,08,10147,10125
1908,09,10172,10119
1908,10,10144,10102
1908,11,10118,10085
1908,12,10095,10071
1909,01,10097,10058
1909,02,10117,10078
1909,03,10097,10058
1909,04,10104,10098
1909,05,10124,10105
1909,06,10155,10115
1909,07,10148,10122
1909,08,10151,10119
1909,09,10137,10112
1909,10,10131,10095
1909,11,10124,10081
1909,12,10112,10068
1910,01,10100,10044
1910,02,10129,10051
1910,03,10131,10068
1910,04,10111,10081
1910,05,10129,10112
1910,06,10151,10112
1910,07,10160,10119
1910,08,10151,10119
1910,09,10154,10105
1910,10,10151,10105
1910,11,10130,10071
1910,12,10124,10058
1911,01,10105,10054
1911,02,10107,10058
1911,03,10124,10078
1911,04,10111,10085
1911,05,10125,10119
1911,06,10136,10139
1911,07,10125,10135
1911,08,10133,10135
1911,09,10131,10122
1911,10,10129,10119
1911,11,10116,10098
1911,12,10107,10075
1912,01,10099,10075
1912,02,10100,10091
1912,03,10104,10081
1912,04,10113,10115
1912,05,10125,10125
1912,06,10129,10125
1912,07,10128,10119
1912,08,10137,10132
1912,09,10129,10112
1912,10,10128,10112
1912,11,10121,10088
1912,12,10104,10085
1913,01,10098,10061
1913,02,10106,10071
1913,03,10110,10068
1913,04,10111,10095
1913,05,10131,10125
1913,06,10139,10132
1913,07,10146,10139
1913,08,10134,10129
1913,09,10140,10132
1913,10,10133,10119
1913,11,10113,10102
1913,12,10102,10081
1914,01,10118,10085
1914,02,10135,10085
1914,03,10132,10075
1914,04,10105,10105
1914,05,10115,10112
1914,06,10122,10135
1914,07,10136,10142
1914,08,10142,10149
1914,09,10134,10135
1914,10,10150,10135
1914,11,10129,10108
1914,12,10125,10085
1915,01,10077,10085
1915,02,10113,10078
1915,03,10106,10105
1915,04,10118,10112
1915,05,10146,10119
1915,06,10159,10119
1915,07,10167,10119
1915,08,10164,10125
1915,09,10152,10105
1915,10,10144,10098
1915,11,10092,10085
1915,12,10108,10054
1916,01,10107,10051
1916,02,10099,10061
1916,03,10103,10075
1916,04,10121,10098
1916,05,10123,10098
1916,06,10128,10105
1916,07,10161,10112
1916,08,10164,10122
1916,09,10139,10108
1916,10,10130,10091
1916,11,10122,10078
1916,12,10106,10041
1917,01,10116,10061
1917,02,10142,10075
1917,03,10131,10058
1917,04,10135,10085
1917,05,10149,10105
1917,06,10150,10112
1917,07,10161,10108
1917,08,10179,10108
1917,09,10178,10105
1917,10,10152,10098
1917,11,10136,10075
1917,12,10130,10051
1918,01,10129,10054
1918,02,10135,10054
1918,03,10124,10088
1918,04,10135,10091
1918,05,10137,10108
1918,06,10131,10125
1918,07,10127,10139
1918,08,10145,10135
1918,09,10152,10142
1918,10,10133,10112
1918,11,10122,10091
1918,12,10100,10081
1919,01,10084,10071
1919,02,10110,10088
1919,03,10101,10085
1919,04,10115,10095
1919,05,10115,10108
1919,06,10128,10129
1919,07,10128,10132
1919,08,10141,10135
1919,09,10139,10125
1919,10,10124,10112
1919,11,10110,10098
1919,12,10098,10081
1920,01,10099,10051
1920,02,10110,10068
1920,03,10120,10088
1920,04,10112,10088
1920,05,10121,10108
1920,06,10122,10102
1920,07,10136,10112
1920,08,10144,10119
1920,09,10144,10112
1920,10,10124,10102
1920,11,10114,10085
1920,12,10108,10054
1921,01,10118,10051
1921,02,10124,10064
1921,03,10128,10068
1921,04,10112,10102
1921,05,10121,10102
1921,06,10160,10105
1921,07,10136,10122
1921,08,10138,10132
1921,09,10151,10119
1921,10,10150,10105
1921,11,10130,10088
1921,12,10112,10061
1922,01,10115,10054
1922,02,10116,10051
1922,03,10118,10068
1922,04,10112,10095
1922,05,10115,10105
1922,06,10134,10115
1922,07,10138,10125
1922,08,10144,10129
1922,09,10147,10115
1922,10,10144,10105
1922,11,10130,10088
1922,12,10119,10061
1923,01,10107,10051
1923,02,10119,10064
1923,03,10120,10064
1923,04,10115,10081
1923,05,10121,10102
1923,06,10128,10115
1923,07,10131,10139
1923,08,10134,10146
1923,09,10124,10125
1923,10,10134,10115
1923,11,10105,10095
1923,12,10110,10071
1924,01,10108,10075
1924,02,10116,10068
1924,03,10119,10075
1924,04,10100,10095
1924,05,10136,10105
1924,06,10144,10122
1924,07,10153,10132
1924,08,10162,10129
1924,09,10156,10119
1924,10,10137,10095
1924,11,10128,10081
1924,12,10103,10058
1925,01,10110,10054
1925,02,10116,10041
1925,03,10118,10051
1925,04,10119,10078
1925,05,10120,10105
1925,06,10128,10122
1925,07,10128,10139
1925,08,10129,10129
1925,09,10142,10129
1925,10,10123,10115
1925,11,10117,10102
1925,12,10102,10081
1926,01,10097,10064
1926,02,10100,10085
1926,03,10110,10095
1926,04,10117,10102
1926,05,10125,10112
1926,06,10132,10129
1926,07,10137,10129
1926,08,10134,10129
1926,09,10141,10115
1926,10,10134,10098
1926,11,10126,10095
1926,12,10111,10064
1927,01,10106,10051
1927,02,10116,10068
1927,03,10141,10068
1927,04,10120,10088
1927,05,10132,10108
1927,06,10142,10119
1927,07,10137,10125
1927,08,10140,10132
1927,09,10148,10125
1927,10,10134,10112
1927,11,10112,10095
1927,12,10121,10071
1928,01,10108,10085
1928,02,10126,10058
1928,03,10129,10064
1928,04,10129,10091
1928,05,10132,10119
1928,06,10131,10129
1928,07,10138,10129
1928,08,10164,10132
1928,09,10156,10119
1928,10,10139,10095
1928,11,10128,10095
1928,12,10122,10064
1929,01,10108,10030
1929,02,10128,10044
1929,03,10124,10075
1929,04,10124,10095
1929,05,10120,10119
1929,06,10148,10135
1929,07,10151,10139
1929,08,10149,10132
1929,09,10148,10125
1929,10,10150,10108
1929,11,10127,10081
1929,12,10110,10064
1930,01,10118,10047
1930,02,10126,10064
1930,03,10124,10081
1930,04,10121,10102
1930,05,10138,10119
1930,06,10134,10129
1930,07,10138,10135
1930,08,10149,10135
1930,09,10144,10132
1930,10,10154,10119
1930,11,10140,10108
1930,12,10110,10078
1931,01,10123,10064
1931,02,10099,10085
1931,03,10135,10085
1931,04,10129,10095
1931,05,10148,10115
1931,06,10160,10125
1931,07,10156,10132
1931,08,10136,10125
1931,09,10142,10112
1931,10,10130,10115
1931,11,10114,10088
1931,12,10119,10068
1932,01,10103,10054
1932,02,10115,10075
1932,03,10108,10078
1932,04,10098,10102
1932,05,10129,10112
1932,06,10136,10125
1932,07,10121,10135
1932,08,10141,10135
1932,09,10124,10115
1932,10,10124,10102
1932,11,10113,10091
1932,12,10105,10064
1933,01,10089,10068
1933,02,10110,10054
1933,03,10104,10068
1933,04,10123,10095
1933,05,10136,10112
1933,06,10132,10125
1933,07,10144,10129
1933,08,10148,10132
1933,09,10146,10119
1933,10,10133,10098
1933,11,10121,10081
1933,12,10115,10064
1934,01,10116,10058
1934,02,10121,10075
1934,03,10111,10071
1934,04,10119,10088
1934,05,10122,10115
1934,06,10144,10119
1934,07,10139,10125
1934,08,10117,10135
1934,09,10135,10122
1934,10,10144,10108
1934,11,10134,10085
1934,12,10105,10075
1935,01,10112,10054
1935,02,10111,10075
1935,03,10123,10061
1935,04,10122,10095
1935,05,10130,10122
1935,06,10138,10129
1935,07,10138,10129
1935,08,10155,10135
1935,09,10142,10108
1935,10,10139,10098
1935,11,10126,10091
1935,12,10108,10081
1936,01,10108,10068
1936,02,10115,10068
1936,03,10118,10075
1936,04,10142,10091
1936,05,10124,10102
1936,06,10135,10125
1936,07,10141,10125
1936,08,10125,10122
1936,09,10143,10115
1936,10,10137,10108
1936,11,10103,10095
1936,12,10104,10068
1937,01,10115,10051
1937,02,10113,10078
1937,03,10112,10061
1937,04,10117,10091
1937,05,10135,10119
1937,06,10138,10122
1937,07,10136,10135
1937,08,10147,10125
1937,09,10150,10125
1937,10,10133,10108
1937,11,10107,10081
1937,12,10112,10064
1938,01,10111,10051
1938,02,10111,10058
1938,03,10114,10081
1938,04,10119,10091
1938,05,10131,10098
1938,06,10149,10115
1938,07,10157,10119
1938,08,10152,10115
1938,09,10155,10119
1938,10,10158,10108
1938,11,10110,10078
1938,12,10130,10068
1939,01,10127,10047
1939,02,10120,10058
1939,03,10125,10064
1939,04,10126,10091
1939,05,10127,10112
1939,06,10135,10125
1939,07,10151,10129
1939,08,10131,10115
1939,09,10140,10132
1939,10,10120,10115
1939,11,10108,10091
1939,12,10109,10091
1940,01,10102,10058
1940,02,10101,10064
1940,03,10108,10088
1940,04,10120,10108
1940,05,10120,10122
1940,06,10127,10139
1940,07,10128,10142
1940,08,10130,10142
1940,09,10133,10142
1940,10,10138,10139
1940,11,10114,10095
1940,12,10075,10098
1941,01,10102,10078
1941,02,10110,10097
1941,03,10107,10087
1941,04,10116,10106
1941,05,10120,10112
1941,06,10131,10137
1941,07,10132,10154
1941,08,10132,10145
1941,09,10137,10127
1941,10,10115,10119
1941,11,10107,10092
1941,12,10106,10088
1942,01,10102,10085
1942,02,10101,10063
1942,03,10115,10086
1942,04,10120,10103
1942,05,10121,10098
1942,06,10140,10118
1942,07,10140,10132
1942,08,10144,10121
1942,09,10149,10111
1942,10,10138,10095
1942,11,10106,10083
1942,12,10129,10067
1943,01,10127,10063
1943,02,10117,10049
1943,03,10121,10074
1943,04,10128,10088
1943,05,10128,10108
1943,06,10133,10131
1943,07,10140,10126
1943,08,10149,10120
1943,09,10144,10111
1943,10,10141,10097
1943,11,10119,10084
1943,12,10095,10077
1944,01,10099,10072
1944,02,10121,10067
1944,03,10126,10076
1944,04,10119,10102
1944,05,10131,10116
1944,06,10138,10131
1944,07,10136,10140
1944,08,10157,10135
1944,09,10152,10124
1944,10,10128,10113
1944,11,10109,10090
1944,12,10106,10063
1945,01,10120,10065
1945,02,10123,10064
1945,03,10122,10058
1945,04,10118,10103
1945,05,10129,10113
1945,06,10140,10118
1945,07,10149,10134
1945,08,10157,10122
1945,09,10157,10119
1945,10,10144,10111
1945,11,10117,10093
1945,12,10120,10072
1946,01,10102,10063
1946,02,10110,10055
1946,03,10122,10086
1946,04,10116,10104
1946,05,10118,10116
1946,06,10132,10132
1946,07,10132,10138
1946,08,10144,10134
1946,09,10124,10127
1946,10,10127,10118
1946,11,10119,10092
1946,12,10097,10073
1947,01,10109,10075
1947,02,10100,10063
1947,03,10131,10070
1947,04,10114,10096
1947,05,10123,10124
1947,06,10141,10126
1947,07,10156,10132
1947,08,10144,10116
1947,09,10158,10115
1947,10,10132,10106
1947,11,10125,10082
1947,12,10112,10067
1948,01,10111,10073
1948,02,10105,10065
1948,03,10108,10076
1948,04,10117,10090
1948,05,10129,10108
1948,06,10133,10127
1948,07,10134,10123
1948,08,10132,10122
1948,09,10133,10122
1948,10,10143,10104
1948,11,10112,10076
1948,12,10101,10077
1949,01,10102,10073
1949,02,10106,10056
1949,03,10112,10062
1949,04,10126,10101
1949,05,10120,10111
1949,06,10132,10135
1949,07,10137,10130
1949,08,10144,10134
1949,09,10145,10118
1949,10,10136,10098
1949,11,10110,10090
1949,12,10102,10052
1950,01,10102,10047
1950,02,10125,10043
1950,03,10137,10065
1950,04,10120,10077
1950,05,10125,10099
1950,06,10152,10107
1950,07,10163,10121
1950,08,10156,10120
1950,09,10152,10117
1950,10,10152,10095
1950,11,10113,10065
1950,12,10124,10044
1951,01,10125,10053
1951,02,10110,10051
1951,03,10100,10070
1951,04,10108,10094
1951,05,10119,10119
1951,06,10122,10112
1951,07,10122,10133
1951,08,10140,10132
1951,09,10129,10125
1951,10,10123,10114
1951,11,10111,10095
1951,12,10110,10089
1952,01,10094,10067
1952,02,10102,10071
1952,03,10125,10083
1952,04,10118,10103
1952,05,10129,10103
1952,06,10146,10125
1952,07,10147,10130
1952,08,10139,10126
1952,09,10141,10121
1952,10,10133,10099
1952,11,10107,10077
1952,12,10096,10084
1953,01,10118,10069
1953,02,10106,10073
1953,03,10109,10080
1953,04,10112,10089
1953,05,10112,10131
1953,06,10134,10125
1953,07,10147,10139
1953,08,10120,10130
1953,09,10133,10132
1953,10,10136,10108
1953,11,10119,10094
1953,12,10107,10081
1954,01,10105,10049
1954,02,10110,10073
1954,03,10114,10077
1954,04,10108,10077
1954,05,10122,10101
1954,06,10132,10123
1954,07,10139,10124
1954,08,10150,10118
1954,09,10146,10119
1954,10,10139,10107
1954,11,10124,10091
1954,12,10125,10065
1955,01,10117,10083
1955,02,10114,10037
1955,03,10111,10067
1955,04,10106,10089
1955,05,10125,10094
1955,06,10140,10109
1955,07,10154,10117
1955,08,10153,10114
1955,09,10157,10109
1955,10,10148,10093
1955,11,10129,10076
1955,12,10129,10076
1956,01,10116,10048
1956,02,10119,10047
1956,03,10126,10069
1956,04,10119,10083
1956,05,10129,10091
1956,06,10140,10113
1956,07,10140,10112
1956,08,10149,10115
1956,09,10139,10114
1956,10,10157,10097
1956,11,10120,10087
1956,12,10110,10056
1957,01,10120,10065
1957,02,10105,10064
1957,03,10114,10078
1957,04,10119,10095
1957,05,10123,10123
1957,06,10135,10125
1957,07,10141,10129
1957,08,10136,10133
1957,09,10138,10131
1957,10,10143,10115
1957,11,10110,10098
1957,12,10106,10077
1958,01,10094,10085
1958,02,10103,10071
1958,03,10118,10081
1958,04,10114,10089
1958,05,10111,10109
1958,06,10128,10116
1958,07,10137,10124
1958,08,10145,10116
1958,09,10133,10115
1958,10,10121,10096
1958,11,10113,10091
1958,12,10105,10083
1959,01,10087,10061
1959,02,10103,10087
1959,03,10124,10069
1959,04,10117,10089
1959,05,10124,10104
1959,06,10132,10128
1959,07,10137,10135
1959,08,10140,10131
1959,09,10143,10119
1959,10,10141,10105
1959,11,10123,10077
1959,12,10112,10061
1960,01,10110,10065
1960,02,10110,10067
1960,03,10121,10071
1960,04,10118,10085
1960,05,10123,10100
1960,06,10134,10125
1960,07,10142,10125
1960,08,10152,10125
1960,09,10140,10105
1960,10,10135,10107
1960,11,10127,10087
1960,12,10120,10072
1961,01,10111,10073
1961,02,10124,10064
1961,03,10096,10095
1961,04,10127,10092
1961,05,10130,10112
1961,06,10137,10129
1961,07,10143,10131
1961,08,10148,10131
1961,09,10147,10121
1961,10,10125,10104
1961,11,10133,10093
1961,12,10129,10069
1962,01,10131,10051
1962,02,10113,10074
1962,03,10121,10084
1962,04,10123,10097
1962,05,10133,10102
1962,06,10135,10117
1962,07,10132,10123
1962,08,10159,10135
1962,09,10145,10112
1962,10,10144,10098
1962,11,10119,10083
1962,12,10109,10074
1963,01,10122,10060
1963,02,10132,10080
1963,03,10120,10067
1963,04,10117,10087
1963,05,10124,10104
1963,06,10134,10134
1963,07,10143,10136
1963,08,10136,10124
1963,09,10142,10128
1963,10,10130,10123
1963,11,10120,10105
1963,12,10104,10091
1964,01,10109,10073
1964,02,10116,10071
1964,03,10125,10071
1964,04,10133,10092
1964,05,10123,10105
1964,06,10141,10120
1964,07,10140,10121
1964,08,10161,10122
1964,09,10151,10105
1964,10,10146,10095
1964,11,10111,10079
1964,12,10105,10077
1965,01,10099,10064
1965,02,10107,10058
1965,03,10115,10069
1965,04,10121,10114
1965,05,10127,10111
1965,06,10137,10141
1965,07,10129,10156
1965,08,10136,10137
1965,09,10134,10134
1965,10,10135,10125
1965,11,10106,10104
1965,12,10104,10067
1966,01,10094,10075
1966,02,10106,10069
1966,03,10100,10087
1966,04,10114,10100
1966,05,10128,10123
1966,06,10147,10133
1966,07,10137,10130
1966,08,10149,10127
1966,09,10141,10121
1966,10,10138,10113
1966,11,10118,10090
1966,12,10103,10077
1967,01,10127,10051
1967,02,10130,10057
1967,03,10126,10073
1967,04,10127,10107
1967,05,10123,10111
1967,06,10145,10125
1967,07,10140,10128
1967,08,10154,10128
1967,09,10161,10129
1967,10,10137,10109
1967,11,10112,10089
1967,12,10102,10079
1968,01,10094,10041
1968,02,10116,10051
1968,03,10116,10083
1968,04,10118,10098
1968,05,10130,10096
1968,06,10149,10123
1968,07,10148,10127
1968,08,10144,10128
1968,09,10141,10123
1968,10,10136,10111
1968,11,10122,10099
1968,12,10113,10074
1969,01,10075,10058
1969,02,10096,10065
1969,03,10126,10084
1969,04,10122,10110
1969,05,10119,10111
1969,06,10138,10127
1969,07,10134,10136
1969,08,10144,10135
1969,09,10124,10119
1969,10,10125,10115
1969,11,10120,10092
1969,12,10111,10070
1970,01,10105,10083
1970,02,10095,10072
1970,03,10115,10072
1970,04,10118,10101
1970,05,10125,10107
1970,06,10143,10119
1970,07,10140,10139
1970,08,10143,10120
1970,09,10146,10102
1970,10,10133,10088
1970,11,10134,10074
1970,12,10123,10054
1971,01,10108,10058
1971,02,10124,10045
1971,03,10135,10060
1971,04,10131,10080
1971,05,10132,10104
1971,06,10145,10130
1971,07,10137,10125
1971,08,10157,10117
1971,09,10158,10108
1971,10,10153,10095
1971,11,10123,10083
1971,12,10097,10058
1972,01,10110,10058
1972,02,10114,10051
1972,03,10111,10067
1972,04,10123,10106
1972,05,10120,10124
1972,06,10125,10128
1972,07,10119,10138
1972,08,10141,10138
1972,09,10136,10137
1972,10,10137,10126
1972,11,10122,10098
1972,12,10107,10096
1973,01,10111,10073
1973,02,10100,10083
1973,03,10115,10074
1973,04,10111,10090
1973,05,10128,10108
1973,06,10137,10110
1973,07,10143,10124
1973,08,10151,10115
1973,09,10160,10114
1973,10,10141,10096
1973,11,10135,10058
1973,12,10134,10066
1974,01,10128,10040
1974,02,10124,10044
1974,03,10132,10055
1974,04,10125,10088
1974,05,10140,10110
1974,06,10139,10124
1974,07,10155,10127
1974,08,10148,10121
1974,09,10154,10110
1974,10,10140,10097
1974,11,10105,10078
1974,12,10099,10065
1975,01,10098,10065
1975,02,10126,10069
1975,03,10127,10066
1975,04,10119,10078
1975,05,10128,10104
1975,06,10145,10114
1975,07,10160,10118
1975,08,10162,10113
1975,09,10166,10105
1975,10,10147,10089
1975,11,10132,10082
1975,12,10129,10056
1976,01,10120,10051
1976,02,10127,10054
1976,03,10120,10056
1976,04,10124,10099
1976,05,10139,10120
1976,06,10137,10125
1976,07,10132,10142
1976,08,10139,10141
1976,09,10132,10130
1976,10,10134,10100
1976,11,10121,10077
1976,12,10093,10065
1977,01,10095,10058
1977,02,10118,10056
1977,03,10103,10081
1977,04,10105,10092
1977,05,10116,10113
1977,06,10125,10135
1977,07,10123,10136
1977,08,10134,10136
1977,09,10138,10130
1977,10,10131,10123
1977,11,10107,10100
1977,12,10096,10081
1978,01,10120,10082
1978,02,10082,10089
1978,03,10124,10095
1978,04,10115,10101
1978,05,10131,10093
1978,06,10130,10111
1978,07,10131,10113
1978,08,10139,10119
1978,09,10141,10116
1978,10,10127,10107
1978,11,10121,10095
1978,12,10107,10074
1979,01,10096,10060
1979,02,10129,10069
1979,03,10113,10079
1979,04,10114,10097
1979,05,10133,10112
1979,06,10145,10126
1979,07,10143,10146
1979,08,10142,10133
1979,09,10143,10117
1979,10,10135,10110
1979,11,10113,10091
1979,12,10106,10085
1980,01,10110,10059
1980,02,10111,10063
1980,03,10096,10072
1980,04,10105,10097
1980,05,10125,10113
1980,06,10132,10125
1980,07,10139,10132
1980,08,10153,10134
1980,09,10142,10127
1980,10,10133,10107
1980,11,10115,10091
1980,12,10106,10073
1981,01,10101,10051
1981,02,10101,10062
1981,03,10108,10099
1981,04,10116,10099
1981,05,10132,10105
1981,06,10142,10115
1981,07,10141,10118
1981,08,10149,10124
1981,09,10148,10115
1981,10,10131,10111
1981,11,10117,10084
1981,12,10119,10075
1982,01,10129,10065
1982,02,10117,10070
1982,03,10118,10075
1982,04,10119,10101
1982,05,10125,10119
1982,06,10127,10139
1982,07,10125,10145
1982,08,10127,10147
1982,09,10131,10143
1982,10,10121,10125
1982,11,10092,10111
1982,12,10086,10093
1983,01,10078,10098
1983,02,10078,10103
1983,03,10089,10101
1983,04,10110,10101
1983,05,10140,10117
1983,06,10140,10133
1983,07,10142,10144
1983,08,10156,10141
1983,09,10161,10121
1983,10,10141,10105
1983,11,10125,10097
1983,12,10119,10085
1984,01,10117,10071
1984,02,10111,10053
1984,03,10109,10081
1984,04,10127,10101
1984,05,10127,10111
1984,06,10133,10132
1984,07,10143,10132
1984,08,10142,10122
1984,09,10144,10117
1984,10,10134,10113
1984,11,10125,10093
1984,12,10083,10051
1985,01,10113,10077
1985,02,10119,10054
1985,03,10106,10061
1985,04,10116,10075
1985,05,10114,10094
1985,06,10126,10126
1985,07,10142,10136
1985,08,10153,10124
1985,09,10139,10115
1985,10,10127,10107
1985,11,10111,10084
1985,12,10115,10076
1986,01,10108,10047
1986,02,10091,10069
1986,03,10125,10084
1986,04,10118,10093
1986,05,10124,10116
1986,06,10135,10110
1986,07,10141,10128
1986,08,10125,10120
1986,09,10137,10122
1986,10,10147,10109
1986,11,10101,10093
1986,12,10105,10097
1987,01,10102,10071
1987,02,10093,10074
1987,03,10116,10107
1987,04,10109,10115
1987,05,10115,10126
1987,06,10118,10131
1987,07,10129,10148
1987,08,10138,10143
1987,09,10140,10135
1987,10,10132,10112
1987,11,10119,10089
1987,12,10103,10078
1988,01,10119,10078
1988,02,10102,10067
1988,03,10112,10068
1988,04,10123,10101
1988,05,10137,10108
1988,06,10149,10139
1988,07,10155,10128
1988,08,10165,10125
1988,09,10163,10106
1988,10,10144,10091
1988,11,10135,10074
1988,12,10122,10066
1989,01,10126,10054
1989,02,10132,10068
1989,03,10125,10073
1989,04,10124,10076
1989,05,10136,10101
1989,06,10149,10128
1989,07,10145,10121
1989,08,10140,10133
1989,09,10150,10117
1989,10,10140,10099
1989,11,10113,10087
1989,12,10114,10088
1990,01,10111,10069
1990,02,10109,10100
1990,03,10107,10083
1990,04,10120,10097
1990,05,10137,10103
1990,06,10137,10124
1990,07,10146,10128
1990,08,10144,10135
1990,09,10144,10133
1990,10,10141,10114
1990,11,10112,10091
1990,12,10107,10077
1991,01,10118,10063
1991,02,10112,10065
1991,03,10115,10095
1991,04,10107,10099
1991,05,10119,10126
1991,06,10138,10133
1991,07,10142,10134
1991,08,10144,10140
1991,09,10129,10133
1991,10,10119,10111
1991,11,10119,10101
1991,12,10086,10085
1992,01,10092,10101
1992,02,10103,10077
1992,03,10100,10105
1992,04,10111,10110
1992,05,10128,10111
1992,06,10121,10125
1992,07,10146,10147
1992,08,10147,10128
1992,09,10137,10112
1992,10,10113,10112
1992,11,10113,10095
1992,12,10097,10073
1993,01,10095,10068
1993,02,10093,10064
1993,03,10125,10101
1993,04,10112,10114
1993,05,10130,10124
1993,06,10130,10139
1993,07,10128,10135
1993,08,10146,10151
1993,09,10145,10134
1993,10,10126,10120
1993,11,10119,10090
1993,12,10108,10070
1994,01,10108,10067
1994,02,10112,10065
1994,03,10114,10094
1994,04,10104,10108
1994,05,10120,10120
1994,06,10128,10129
1994,07,10124,10141
1994,08,10139,10149
1994,09,10130,10135
1994,10,10125,10119
1994,11,10116,10098
1994,12,10105,10093
1995,01,10106,10070
1995,02,10118,10078
1995,03,10118,10072
1995,04,10103,10096
1995,05,10121,10116
1995,06,10140,10130
1995,07,10143,10127
1995,08,10150,10132
1995,09,10149,10120
1995,10,10129,10102
1995,11,10119,10088
1995,12,10099,10075
1996,01,10119,10057
1996,02,10110,10062
1996,03,10125,10074
1996,04,10124,10091
1996,05,10140,10122
1996,06,10153,10124
1996,07,10145,10125
1996,08,10150,10126
1996,09,10138,10103
1996,10,10135,10099
1996,11,10113,10084
1996,12,10105,10056
1997,01,10126,10073
1997,02,10122,10048
1997,03,10110,10086
1997,04,10123,10119
1997,05,10107,10119
1997,06,10129,10147
1997,07,10138,10143
1997,08,10137,10151
1997,09,10145,10147
1997,10,10134,10132
1997,11,10122,10114
1997,12,10103,10086
1998,01,10073,10078
1998,02,10107,10102
1998,03,10087,10100
1998,04,10104,10110
1998,05,10132,10115
1998,06,10146,10122
1998,07,10157,10125
1998,08,10160,10128
1998,09,10159,10117
1998,10,10144,10097
1998,11,10122,10074
1998,12,10119,10059
1999,01,10126,10049
1999,02,10122,10062
1999,03,10119,10064
1999,04,10132,10087
1999,05,10139,10121
1999,06,10143,10130
1999,07,10149,10132
1999,08,10159,10139
1999,09,10147,10124
1999,10,10148,10103
1999,11,10130,10080
1999,12,10127,10066
2000,01,10123,10067
2000,02,10138,10065
2000,03,10131,10074
2000,04,10128,10086
2000,05,10136,10117
2000,06,10139,10135
2000,07,10135,10131
2000,08,10148,10122
2000,09,10161,10120
2000,10,10138,10092
2000,11,10129,10065
2000,12,10098,10048
2001,01,10135,10072
2001,02,10107,10036
2001,03,10128,10078
2001,04,10116,10094
2001,05,10126,10122
2001,06,10134,10122
2001,07,10139,10134
2001,08,10137,10133
2001,09,10144,10118
2001,10,10126,10099
2001,11,10125,10084
2001,12,10095,10077
2002,01,10123,10072
2002,02,10127,10066
2002,03,10119,10090
2002,04,10118,10100
2002,05,10117,10120
2002,06,10134,10131
2002,07,10145,10147
2002,08,10132,10137
2002,09,10143,10130
2002,10,10125,10105
2002,11,10119,10098
2002,12,10105,10091
2003,01,10108,10068
2003,02,10096,10066
2003,03,10112,10085
2003,04,10122,10105
2003,05,10121,10115
2003,06,10127,10131
2003,07,10147,10134
2003,08,10144,10130
2003,09,10143,10122
2003,10,10130,10102
2003,11,10118,10092
2003,12,10116,10063
2004,01,10095,10075
2004,02,10126,10062
2004,03,10107,10067
2004,04,10110,10107
2004,05,10137,10106
2004,06,10137,10144
2004,07,10138,10140
2004,08,10141,10135
2004,09,10150,10131
2004,10,10135,10111
2004,11,10110,10095
2004,12,10093,10073
2005,01,10113,10063
2005,02,10073,10087
2005,03,10123,10085
2005,04,10119,10110
2005,05,10120,10123
2005,06,10136,10121
2005,07,10143,10133
2005,08,10141,10136
2005,09,10150,10120
2005,10,10148,10100
2005,11,10110,10084
2005,12,10113,10076
2006,01,10120,10049
2006,02,10119,10074
2006,03,10127,10063
2006,04,10116,10078
2006,05,10124,10121
2006,06,10138,10135
2006,07,10140,10145
2006,08,10140,10146
2006,09,10146,10132
2006,10,10134,10129
2006,11,10129,10099
2006,12,10117,10087
2007,01,10096,10067
2007,02,10111,10071
2007,03,10113,10076
2007,04,10124,10106
2007,05,10129,10118
2007,06,10131,10115
2007,07,10145,10143
2007,08,10154,10134
2007,09,10141,10115
2007,10,10140,10102
2007,11,10121,10076
2007,12,10124,10061
2008,01,10125,10049
2008,02,10138,10047
2008,03,10143,10083
2008,04,10127,10099
2008,05,10133,10123
2008,06,10148,10132
2008,07,10147,10135
2008,08,10166,10136
2008,09,10164,10118
2008,10,10161,10109
2008,11,10136,10080
2008,12,10127,10065
2009,01,10123,10060
2009,02,10129,10052
2009,03,10125,10086
2009,04,10127,10093
2009,05,10116,10108
2009,06,10136,10127
2009,07,10143,10131
2009,08,10138,10128
2009,09,10143,10113
2009,10,10119,10113
2009,11,10108,10086
2009,12,10100,10080
2010,01,10082,10060
2010,02,10093,10078
2010,03,10109,10090
2010,04,10138,10097
2010,05,10131,10103
2010,06,10147,10132
2010,07,10165,10126
2010,08,10168,10122
2010,09,10173,10107
2010,10,10152,10093
2010,11,10139,10084
2010,12,10137,10049
2011,01,10137,10051
2011,02,10143,10051
2011,03,10141,10064
2011,04,10144,10091
2011,05,10140,10122
2011,06,10147,10135
2011,07,10158,10132
2011,08,10156,10135
2011,09,10169,10125
2011,10,10145,10100
2011,11,10136,10084
2011,12,10130,10050
2012,01,10124,10060
2012,02,10123,10071
2012,03,10108,10063
2012,04,10122,10107
2012,05,10126,10115
2012,06,10132,10134
2012,07,10136,10129
2012,08,10149,10140
2012,09,10150,10122
2012,10,10141,10108
2012,11,10128,10093
2012,12,10100,10077
2013,01,10101,10058
2013,02,10110,10072
2013,03,10132,10072
2013,04,10121,10098
2013,05,10135,10108
2013,06,10141,10112
2013,07,10147,10126
2013,08,10147,10131
2013,09,10146,10115
2013,10,10133,10107
2013,11,10120,10076
2013,12,10113,10077
2014,01,10120,10051
2014,02,10103,10061
2014,03,10106,10092
2014,04,10123,10091
2014,05,10140,10118
2014,06,10135,10126
2014,07,10144,10139
2014,08,10144,10145
2014,09,10143,10130
2014,10,10132,10115
2014,11,10113,10097
2014,12,10099,10074
2015,01,10093,10065
2015,02,10125,10079
2015,03,10108,10089
2015,04,10124,10105
2015,05,10130,10131
2015,06,10130,10134
2015,07,10137,10150
2015,08,10135,10147
2015,09,10133,10137
2015,10,10134,10136
2015,11,10116,10095
2015,12,10094,10075
2016,01,10106,10100
2016,02,10091,10087
2016,03,10123,10093
2016,04,10105,10109
2016,05,10129,10110
2016,06,10141,10123
2016,07,10147,10131
2016,08,10149,10124
2016,09,10156,10110
2016,10,10126,10104
2016,11,10116,10088
2016,12,10107,10067
2017,01,10107,10060
2017,02,10112,10071
2017,03,10123,10074
2017,04,10113,10097
2017,05,10134,10117
2017,06,10134,10135
2017,07,10154,10132
2017,08,10152,10130
2017,09,10158,10123
2017,10,10138,10094
2017,11,10121,10074
2017,12,10105,10073
2018,01,10111,10048
2018,02,10103,10070
2018,03,10120,10061
2018,04,10124,10095
2018,05,10141,10122
2018,06,10142,10137
2018,07,10140,10128
2018,08,10137,10131
2018,09,10130,10123
2018,10,10144,10110
2018,11,10123,10094
2018,12,10115,10062
2019,01,10111,10068
2019,02,10107,10090
2019,03,10111,10084
2019,04,10123,10101
2019,05,10128,10123
2019,06,10137,10138
2019,07,10143,10142
2019,08,10153,10143
2019,09,10148,10145
2019,10,10134,10114
2019,11,10112,10097
2019,12,10108,10084
2020,01,10119,10072
2020,02,10115,10074
2020,03,10121,10091
2020,04,10128,10105
2020,05,10144,10124
2020,06,10129,10129
2020,07,10143,10127
2020,08,10157,10125
2020,09,10157,10116
2020,10,10136,10100
2020,11,10133,10090
2020,12,10133,10065
2021,01,10135,10056
2021,02,10120,10050
2021,03,10120,10081
2021,04,10123,10097
2021,05,10134,10113
2021,06,10146,10131
2021,07,10157,10123
2021,08,10157,10133
2021,09,10159,10120
2021,10,10137,10097
2021,11,10131,10083
2021,12,10127,10065
2022,01,10118,10065
2022,02,10132,10069
2022,03,10140,10075
2022,04,10136,10085
2022,05,10143,10104
2022,06,10155,10117
2022,07,10154,10131
2022,08,10153,10122
2022,09,10167,10113
2022,10,10151,10093
2022,11,10122,10086
2022,12,10130,10056
